{
    "accuracy": 0.6844512195121951,
    "precision": 0.6412213740458015,
    "recall": 0.3442622950819672,
    "f1_score": 0.448
}